id,symbol,dir,entry_time,entry,sl,tp,sweep_ratio,n_opp,status,exit_time,exit_price,R
,HYPEUSDT,-1,2026-09-20 20:04:00,93.26,93.357,93.0175,0.3242811501597363,2,WIN,2026-09-20 20:09:00,93.0175,2.5
,POLUSDT,-1,2026-09-20 23:05:00,0.10726,0.1074499999999999,0.1067849999999999,0.2906808305166586,2,LOSS,2026-09-20 23:06:00,0.1074499999999999,-1.0
,LITUSDT,-1,2026-09-21 10:05:00,5.028,5.04195,4.993124999999999,0.4851063829787265,3,LOSS,2026-09-21 10:15:00,5.04195,-1.0
,XRPUSDT,-1,2026-09-21 15:04:00,1.5006,1.504445,1.4909875,0.3963963963963928,3,LOSS,2026-09-21 15:08:00,1.504445,-1.0
,ENAUSDT,-1,2026-09-21 14:04:00,0.22331,0.2242235,0.22102625,0.6168910648714839,2,WIN,2026-09-21 14:05:00,0.22102625,2.5
,SHIB1000USDT,-1,2026-09-22 00:04:00,0.006039,0.0060505,0.00601025,0.3579072532699137,2,WIN,2026-09-22 00:11:00,0.00601025,2.5
,ENAUSDT,-1,2026-09-22 01:03:00,0.2115,0.2124185,0.20920375,0.37948838300868,2,LOSS,2026-09-22 01:06:00,0.2124185,-1.0
,ENAUSDT,1,2026-09-22 11:04:00,0.20827,0.207811,0.2094175,0.6434957813877326,2,LOSS,2026-09-22 11:05:00,0.207811,-1.0
,POLUSDT,1,2026-09-22 11:03:00,0.10807,0.1079815,0.10829125,0.4281345565749259,2,LOSS,2026-09-22 11:04:00,0.1079815,-1.0
,ASTERUSDT,1,2026-09-23 09:07:00,0.7243,0.7228100000000001,0.7280250000000001,0.7896857373086221,2,LOSS,2026-09-23 09:36:00,0.7228100000000001,-1.0
,WLDUSDT,1,2026-09-24 03:14:00,0.4119,0.411275,0.4134625,0.3071479122434528,3,LOSS,2026-09-24 03:17:00,0.411275,-1.0
,1000PEPEUSDT,1,2026-09-29 02:05:00,0.004125,0.0041129,0.00415525,0.5393258426966331,2,OPEN,,,
,1000PEPEUSDT,-1,2026-09-29 12:04:00,0.004295,0.0043024000000000005,0.0042765,0.26240352811465817,2,OPEN,,,
,AAVEUSDT,1,2026-10-01 11:05:00,164.1,163.8275,164.78125,0.36788321167883353,3,OPEN,,,
,AAVEUSDT,1,2026-10-01 14:04:00,165.86,165.31550000000001,167.22125,0.5467943994104649,3,OPEN,,,
,ASTERUSDT,1,2026-09-29 02:05:00,0.6975,0.696275,0.7005625,0.5413766434648106,2,OPEN,,,
,ASTERUSDT,-1,2026-09-30 08:06:00,0.7603,0.76198,0.7561,0.5201511335012607,3,OPEN,,,
,BNBUSDT,1,2026-09-30 08:04:00,759.0,758.6899999999999,759.775,0.584347826086951,3,OPEN,,,
,ENAUSDT,1,2026-09-30 23:03:00,0.26704,0.2663825,0.26868375,0.2778475054910549,2,OPEN,,,
,ETCUSDT,1,2026-10-01 11:05:00,8.881,8.87105,8.905875,0.6682847896440035,3,OPEN,,,
,HYPEUSDT,-1,2026-09-30 14:08:00,86.08,86.253,85.6475,1.650882079851439,3,OPEN,,,
,ICPUSDT,-1,2026-09-29 22:05:00,3.451,3.45925,3.4303749999999997,0.4872665534804743,3,OPEN,,,
,ICPUSDT,-1,2026-09-30 09:07:00,3.46,3.46775,3.440625,0.34023402340233616,2,OPEN,,,
,ICPUSDT,1,2026-10-01 11:04:00,3.287,3.2822999999999998,3.29875,0.8348623853210947,3,OPEN,,,
,LITUSDT,-1,2026-09-28 21:03:00,4.433,4.4406,4.414,0.7033175355450231,2,OPEN,,,
,LITUSDT,-1,2026-09-30 00:03:00,3.951,4.0328,3.7465,0.3927068723702635,2,OPEN,,,
,LTCUSDT,-1,2026-09-28 11:04:00,71.36,71.5645,70.84875,0.8645614035087709,3,OPEN,,,
,MORPHOUSDT,1,2026-09-28 23:08:00,2.532,2.52865,2.540375,0.451612903225802,2,OPEN,,,
,MORPHOUSDT,-1,2026-09-30 11:06:00,2.578,2.582,2.5679999999999996,0.6472602739726069,2,OPEN,,,
,SHIB1000USDT,1,2026-09-30 20:05:00,0.005725,0.0057168,0.0057455,0.30514385353094836,2,OPEN,,,
,SHIB1000USDT,1,2026-10-01 11:07:00,0.00574,0.005733650000000001,0.005755875,0.8456375838926146,3,OPEN,,,
,VVVUSDT,1,2026-09-28 13:05:00,28.426,28.351899999999997,28.61125,0.6190307746727984,3,OPEN,,,
,WLFIUSDT,-1,2026-09-29 11:06:00,0.05755,0.057597999999999996,0.057429999999999995,0.48635235732010323,3,OPEN,,,
,XLMUSDT,-1,2026-10-01 02:08:00,0.229,0.22945500000000002,0.22786250000000002,0.4409448818897608,2,OPEN,,,
,XRPUSDT,1,2026-09-29 02:05:00,1.4772,1.47414,1.4848500000000002,0.4352120859965201,2,OPEN,,,
,XRPUSDT,1,2026-10-01 09:04:00,1.4868,1.4855649999999998,1.4898875,1.0078534031413546,3,OPEN,,,
